W101|warden_rahul|04f48ed587ca0e5ef03628921017b4d51f6c0adb9475f78c47f7b49aee9c9330|Dr. Rahul Sharma|rahul.warden@hostel.edu|+919876543210|Warden|||||A|Warden Office A-101|2026-08-05 11:19:19
W102|warden_priya|04f48ed587ca0e5ef03628921017b4d51f6c0adb9475f78c47f7b49aee9c9330|Dr. Priya Verma|priya.warden@hostel.edu|+919876543211|Warden|||||B|Warden Office B-102|2026-08-05 11:19:19
ST101|staff_ramesh|04f48ed587ca0e5ef03628921017b4d51f6c0adb9475f78c47f7b49aee9c9330|Ramesh Kumar|ramesh.electric@hostel.edu|+919123456780|Staff|||||||Electrical|Available|2026-08-05 11:19:19
ST102|staff_suresh|04f48ed587ca0e5ef03628921017b4d51f6c0adb9475f78c47f7b49aee9c9330|Suresh Patel|suresh.plumb@hostel.edu|+919123456781|Staff|||||||Plumbing|Available|2026-08-05 11:19:19
ST103|staff_anita|04f48ed587ca0e5ef03628921017b4d51f6c0adb9475f78c47f7b49aee9c9330|Anita Roy|anita.wifi@hostel.edu|+919123456782|Staff|||||||WiFi|Available|2026-08-05 11:19:19
ST104|staff_vikram|04f48ed587ca0e5ef03628921017b4d51f6c0adb9475f78c47f7b49aee9c9330|Vikram Singh|vikram.carpenter@hostel.edu|+919123456783|Staff|||||||Furniture|Available|2026-08-05 11:19:19
S101|student_aarav|04f48ed587ca0e5ef03628921017b4d51f6c0adb9475f78c47f7b49aee9c9330|Aarav Gupta|aarav@student.edu|+919988776655|Student|CS2026-01|A-204|A||||2026-08-05 11:19:19
S102|student_diya|04f48ed587ca0e5ef03628921017b4d51f6c0adb9475f78c47f7b49aee9c9330|Diya Sharma|diya@student.edu|+919988776656|Student|EC2026-15|B-305|B||||2026-08-05 11:19:19
S103|student_karan|04f48ed587ca0e5ef03628921017b4d51f6c0adb9475f78c47f7b49aee9c9330|Karan Mehta|karan@student.edu|+919988776657|Student|ME2026-42|A-108|A||||2026-08-05 11:19:19
S104|teststudent|04f48ed587ca0e5ef03628921017b4d51f6c0adb9475f78c47f7b49aee9c9330|Test Student|test@student.edu|+919876543299|Student|CS2026-99|C-301|Block-C||||2026-08-05 11:22:06
S105|sanjay|70829a2d47d03d924600382abf806b3650df72b6928a336edcbba32eee9ca4dc|akula naga venkata sanjay|cheppanubrother@gmai.com|9865432198|Student|12309999|c-110|Block-C|||2026-08-05 11:31:19
